TID,Technique Name,New ID,New Technique Name,Sub-technique of,Change Type,Note,Comments
T1001,Data Obfuscation,T1001,Data Obfuscation,N/A,Remains Technique,,New sub-techniques added
T1008,Fallback Channels,T1008,Fallback Channels,N/A,Remains Technique,,
T1024,Custom Cryptographic Protocol,T1573,Encrypted Channel,N/A,One or More Techniques Became New Technique,,
T1026,Multiband Communication,N/A,N/A,N/A,Deprecated,,Deprecated from ATT&CK due to lack of in the wild use. Existing Group/Software procedure examples did not fit the core idea behind the technique
T1032,Standard Cryptographic Protocol,T1573,Encrypted Channel,N/A,One or More Techniques Became New Technique,,
T1043,Commonly Used Port,N/A,N/A,N/A,Deprecated,,Deprecated from ATT&CK because the behavior is redundant and describes most benign network communications.
T1065,Uncommonly Used Port,T1571,Non-Standard Port,N/A,One or More Techniques Became New Technique,,
T1071,Standard Application Layer Protocol,T1071,Application Layer Protocol,N/A,Remains Technique,Renamed,Name change from Standard Application Layer Protocol and new sub-techniques added
T1079,Multilayer Encryption,T1573,Encrypted Channel,N/A,One or More Techniques Became New Technique,,
T1090,Connection Proxy,T1090,Proxy,N/A,Remains Technique,Renamed,Name change from Connection Proxy and new sub-techniques added
T1092,Communication Through Removable Media,T1092,Communication Through Removable Media,N/A,Remains Technique,,
T1094,Custom Command and Control Protocol,T1095,Non-Application Layer Protocol,N/A,Merged into Existing Technique,,Merged with and name change from Standard Non-Application Layer Protocol
T1095,Standard Non-Application Layer Protocol,T1095,Non-Application Layer Protocol,N/A,Remains Technique,Renamed,Name change from Standard Non-Application Layer Protocol
T1102,Web Service,T1102,Web Service,N/A,Remains Technique,,New sub-techniques added
T1104,Multi-Stage Channels,T1104,Multi-Stage Channels,N/A,Remains Technique,,
T1105,Remote File Copy,T1105,Ingress Tool Transfer,N/A,Remains Technique,Renamed,Name change from Remote File Copy
T1132,Data Encoding,T1132,Data Encoding,N/A,Remains Technique,,New sub-techniques added
T1172,Domain Fronting,T1090.004,Domain Fronting,T1090 Proxy,Became a Sub-Technique,,
T1188,Multi-hop Proxy,T1090.003,Multi-hop Proxy,T1090 Proxy,Became a Sub-Technique,,
T1205,Port Knocking,T1205,Traffic Signaling,N/A,Remains Technique,Renamed,Technique renamed and sub-technique added
T1219,Remote Access Tools,T1219,Remote Access Software,N/A,Remains Technique,Renamed,Name change from Remote Access Tools and fixed technique reference in description
T1483,Domain Generation Algorithms,T1568.002,Domain Generation Algorithms,T1568 Dynamic Resolution,Became a Sub-Technique,,
