TID,Technique Name,New ID,New Technique Name,Sub-technique of,Change Type,Note,Comments
T1006,File System Logical Offsets,T1006,Direct Volume Access,N/A,Remains Technique,Renamed,Name change from File System Logical Offsets
T1009,Binary Padding,T1027.001,Binary Padding,T1027 Obfuscated Files or Information,Became a Sub-Technique,,
T1014,Rootkit,T1014,Rootkit,N/A,Remains Technique,,Minor description update
T1027,Obfuscated Files or Information,T1027,Obfuscated Files or Information,N/A,Remains Technique,,Minor description update
T1036,Masquerading,T1036,Masquerading,N/A,Remains Technique,,New sub-techniques added
T1038,DLL Search Order Hijacking,T1574.001,DLL Search Order Hijacking,T1574 Hijack Execution Flow,Became a Sub-Technique,,
T1045,Software Packing,T1027.002,Software Packing,T1027 Obfuscated Files or Information,Became a Sub-Technique,,
T1054,Indicator Blocking,T1562.006,Indicator Blocking,T1562 Impair Defenses,Became a Sub-Technique,,
T1055,Process Injection,T1055,Process Injection,N/A,Remains Technique,,New sub-techniques added
T1064,Scripting,N/A,N/A,N/A,Became Multiple Sub-Techniques,,"Deprecated and split into separate Unix Shell, Visual Basic, JavaScript/Jscript, and Python sub-techniques of Command and Scripting Interpreter. Existing Group/Software procedure examples were remapped appropriately"
T1066,Indicator Removal from Tools,T1027.005,Indicator Removal from Tools,T1027 Obfuscated Files or Information,Became a Sub-Technique,,
T1070,Indicator Removal on Host,T1070,Indicator Removal on Host,N/A,Remains Technique,,New sub-techniques added
T1073,DLL Side-Loading,T1574.002,DLL Side-Loading,T1574 Hijack Execution Flow,Became a Sub-Technique,,
T1078,Valid Accounts,T1078,Valid Accounts,N/A,Remains Technique,,New sub-techniques added
T1085,Rundll32,T1218.011,Rundll32,T1218 Signed Binary Proxy Execution,Became a Sub-Technique,,
T1088,Bypass User Account Control,T1548.002,Bypass User Access Control,T1548 Abuse Elevation Control Mechanism,Became a Sub-Technique,,
T1089,Disabling Security Tools,T1562.001,Disable or Modify Tools,T1562 Impair Defenses,Became a Sub-Technique,,
T1090,Connection Proxy,T1090,Proxy,N/A,Remains Technique,"Remove from defense-evasion, Renamed",Name change from Connection Proxy and new sub-techniques added
T1093,Process Hollowing,T1055.012,Process Hollowing,T1055 Process Injection,Became a Sub-Technique,,
T1096,NTFS File Attributes,T1564.004,NTFS File Attributes,T1564 Hide Artifacts,Became a Sub-Technique,,
T1099,Timestomp,T1070.006,Timestomp,T1070 Indicator Removal on Host,Became a Sub-Technique,,
T1102,Web Service,T1102,Web Service,N/A,Remains Technique,Remove from defense-evasion,New sub-techniques added
T1107,File Deletion,T1070.004,File Deletion,T1070 Indicator Removal on Host,Became a Sub-Technique,,
T1108,Redundant Access,N/A,N/A,N/A,Deprecated,,Deprecated from ATT&CK because the behavior is too high level and is sufficiently covered by Valid Accounts and External Remote Services. Existing Group/Software procedure examples were remapped appropriately
T1109,Component Firmware,T1542.002,Component Firmware,T1542 Pre-OS Boot,Became a Sub-Technique,,
T1112,Modify Registry,T1112,Modify Registry,N/A,Remains Technique,,
T1116,Code Signing,T1553.002,Code Signing,T1553 Subvert Trust Controls,Became a Sub-Technique,,
T1117,Regsvr32,T1218.010,Regsvr32,T1218 Signed Binary Proxy Execution,Became a Sub-Technique,,
T1118,InstallUtil,T1218.004,InstallUtil,T1218 Signed Binary Proxy Execution,Became a Sub-Technique,,
T1121,Regsvcs/Regasm,T1218.009,Regsvcs/Regasm,T1218 Signed Binary Proxy Execution,Became a Sub-Technique,,
T1122,Component Object Model Hijacking,T1546.015,Component Object Model Hijacking,T1546 Event Triggered Execution,Became a Sub-Technique,,
T1126,Network Share Connection Removal,T1070.005,Network Share Connection Removal,T1070 Indicator Removal on Host,Became a Sub-Technique,,
T1127,Trusted Developer Utilities,T1127,Trusted Developer Utilities Proxy Execution,N/A,Remains Technique,Renamed,"Minor description update, sub-technique added"
T1130,Install Root Certificate,T1553.004,Install Root Certificate,T1553 Subvert Trust Controls,Became a Sub-Technique,,
T1134,Access Token Manipulation,T1134,Access Token Manipulation,N/A,Remains Technique,,New sub-techniques added
T1140,Deobfuscate/Decode Files or Information,T1140,Deobfuscate/Decode Files or Information,N/A,Remains Technique,,
T1143,Hidden Window,T1564.003,Hidden Window,T1564 Hide Artifacts,Became a Sub-Technique,,
T1144,Gatekeeper Bypass,T1553.001,Gatekeeper Bypass,T1553 Subvert Trust Controls,Became a Sub-Technique,,
T1146,Clear Command History,T1070.003,Clear Command History,T1070 Indicator Removal on Host,Became a Sub-Technique,,
T1147,Hidden Users,T1564.002,Hidden Users,T1564 Hide Artifacts,Became a Sub-Technique,,
T1148,HISTCONTROL,T1562.003,HISTCONTROL,T1562 Impair Defenses,Became a Sub-Technique,,
T1149,LC_MAIN Hijacking,N/A,N/A,N/A,Deprecated,,Deprecated from ATT&CK due to lack of in the wild use
T1150,Plist Modification,T1547.011,Plist Modification,T1547 Boot or Logon Autostart Execution,Multiple Techniques Became New Sub-Technique,,
T1151,Space after Filename,T1036.006,Space after Filename,T1036 Masquerading,Became a Sub-Technique,,
T1152,Launchctl,T1569.001,Launchctl,T1569 System Services,Became a Sub-Technique,,
T1158,Hidden Files and Directories,T1564.001,Hidden Files and Directories,T1564 Hide Artifacts,Became a Sub-Technique,,
T1170,Mshta,T1218.005,Mshta,T1218 Signed Binary Proxy Execution,Became a Sub-Technique,,
T1181,Extra Window Memory Injection,T1055.011,Extra Window Memory Injection,T1055 Process Injection,Became a Sub-Technique,,
T1183,Image File Execution Options Injection,T1546.012,Image File Execution Options Injection,T1546 Event Triggered Execution,Became a Sub-Technique,,
T1186,Process Doppelgänging,T1055.013,Process Doppelgänging,T1055 Process Injection,Became a Sub-Technique,,
T1191,CMSTP,T1218.003,CMSTP,T1218 Signed Binary Proxy Execution,Became a Sub-Technique,,
T1196,Control Panel Items,T1218.002,Control Panel,T1218 Signed Binary Proxy Execution,Became a Sub-Technique,,
T1197,BITS Jobs,T1197,BITS Jobs,N/A,Remains Technique,,Fixed technique reference in description and minor description update
T1198,SIP and Trust Provider Hijacking,T1553.003,SIP and Trust Provider Hijacking,T1553 Subvert Trust Controls,Became a Sub-Technique,,
T1202,Indirect Command Execution,T1202,Indirect Command Execution,N/A,Remains Technique,,Minor description update
T1205,Port Knocking,T1205,Traffic Signaling,N/A,Remains Technique,Renamed,Technique renamed and sub-technique added
T1207,DCShadow,T1207,Rogue Domain Controller,N/A,Remains Technique,Renamed,Name change from DCShadow
T1211,Exploitation for Defense Evasion,T1211,Exploitation for Defense Evasion,N/A,Remains Technique,,Minor description update
T1216,Signed Script Proxy Execution,T1216,Signed Script Proxy Execution,N/A,Remains Technique,,New sub-techniques added
T1218,Signed Binary Proxy Execution,T1218,Signed Binary Proxy Execution,N/A,Remains Technique,,New sub-techniques added
T1220,XSL Script Processing,T1220,XSL Script Processing,N/A,Remains Technique,,Minor description update
T1221,Template Injection,T1221,Template Injection,N/A,Remains Technique,,Minor description update
T1222,File and Directory Permissions Modification,T1222,File and Directory Permissions Modification,N/A,Remains Technique,,New sub-techniques added
T1223,Compiled HTML File,T1218.001,Compiled HTML File,T1218 Signed Binary Proxy Execution,Became a Sub-Technique,,
T1480,Execution Guardrails,T1480,Execution Guardrails,N/A,Remains Technique,,New sub-technique added
T1484,Group Policy Modification,T1484,Group Policy Modification,N/A,Remains Technique,,Minor description update
T1497,Virtualization/Sandbox Evasion,T1497,Virtualization/Sandbox Evasion,N/A,Remains Technique,,New sub-techniques added
T1500,Compile After Delivery,T1027.004,Compile After Delivery,T1027 Obfuscated Files or Information,Became a Sub-Technique,,
T1502,Parent PID Spoofing,T1134.004,Parent PID Spoofing,T1134 Access Token Manipulation,Became a Sub-Technique,,
T1506,Web Session Cookie,T1550.004,Web Session Cookie,T1550 Use Alternate Authentication Material,Became a Sub-Technique,,
T1527,Application Access Token,T1550.001,Application Access Token,T1550 Use Alternate Authentication Material,Became a Sub-Technique,,
T1535,Unused/Unsupported Cloud Regions,T1535,Unused/Unsupported Cloud Regions,N/A,Remains Technique,,
T1536,Revert Cloud Instance,T1578.004,Revert Cloud Instance,T1578 Modify Cloud Compute Infrastructure,Became a Sub-Technique,,"Minor description update, removed some data sources"
