New Techniques,New TID,Tactics,Comment
Pre-OS Boot,T1542,"defense-evasion,persistence",Created to consolidate behavior around persistence that loads before the OS boots
Boot or Logon Autostart Execution,T1547,"persistence,privilege-escalation",Created to consolidate similar autostart execution locations
Lateral Tool Transfer,T1570,lateral-movement,Broken out from pre-defined behavior within the prior Remote File Copy technique to focus on file transfer within a network
Subvert Trust Controls,T1553,defense-evasion,Created to consolidate behavior related to getting around trust controls
Abuse Elevation Control Mechanism,T1548,"privilege-escalation,defense-evasion",Created to consolidate similar behaviors that take advantage of elevation control
System Services,T1569,execution,Created to consolidate behaviors related to execution of binaries through system services
Event Triggered Execution,T1546,"privilege-escalation,persistence",Created to consolidate persistence behavior due to adversary or user initiated actions
Disk Wipe,T1561,impact,Created to consolidate behavior around disk wiping
Modify Authentication Process,T1556,"credential-access,defense-evasion",Created to consolidate behavior related to changing the authentication process previously under Account Manipulation
Remote Service Session Hijacking,T1563,lateral-movement,Created to consolidate behavior related to hijacking existing remote connection sessions
Phishing,T1566,initial-access,Created to consolidate behavior around phishing and spearphishing
Credentials from Password Stores,T1555,credential-access,Created to consolidate locations where passwords are stored
Steal or Forge Kerberos Tickets,T1558,credential-access,Created to consolidate behavior related to Kerberos tickets
Data Manipulation,T1565,impact,Created to consolidate existing behaviors around data manipulation
Hide Artifacts,T1564,defense-evasion,Created to consolidate behaviors around defense evasion through creating hidden objects that may be difficult to see
Unsecured Credentials,T1552,credential-access,Created to consolidate places where unsecured credentials may be kept
Create or Modify System Process,T1543,"persistence,privilege-escalation",Created to consolidate behavior around system-level processes
Impair Defenses,T1562,defense-evasion,Created to consolidate behaviors that prevent a defense from working as intended
Encrypted Channel,T1573,command-and-control,Created to consolidate behavior around encrypted C2
Use Alternate Authentication Material,T1550,"defense-evasion,lateral-movement",Created to consolidate behavior related to use of non-password based credential material
Dynamic Resolution,T1568,command-and-control,Created to consolidate behavior around dynamic C2 behavior
Non-Standard Port,T1571,command-and-control,Created to refine the idea behind Common and Uncommonly Used Port to focus the behavior on use of a non-standard port for C2 based on the protocol used
Exfiltration Over Web Service,T1567,exfiltration,Created to consolidate behaviors around exfiltration to legitimate web services
Modify Cloud Compute Infrastructure,T1578,defense-evasion,Created to consolidate behaviors around defense evasion through the cloud compute service
Compromise Client Software Binary,T1554,persistence,New technique based on contribution
Inter-Process Communication,T1559,execution,Created to consolidate behavior related to using IPC for local system execution
Hijack Execution Flow,T1574,"persistence,privilege-escalation,defense-evasion",Created to consolidate behaviors around running executable code by placing it where it would be executed by a legitimate process
Archive Collected Data,T1560,collection,Created to consolidate behavior around encrypting and compressing collected data
Man-in-the-Middle,T1557,"credential-access,collection",Created to consolidate behavior related to setting up man-in-the-middle condition within a network
Protocol Tunneling,T1572,command-and-control,Created to define behavior broken out from the prior Standard Application and Standard Cryptographic Protocol techniques
