New Subtechnique,New ID,Parent Technique,Decomposed from ID,Decomposed from Name,Comment
.bash_profile and .bashrc,T1546.004,Event Triggered Execution,,,Existing technique that became a sub-technique
/etc/passwd and /etc/shadow,T1003.008,OS Credential Dumping,T1003,OS Credential Dumping,Broken out from pre-defined behavior within OS Credential Dumping
Accessibility Features,T1546.008,Event Triggered Execution,,,Existing technique that became a sub-technique
Add Office 365 Global Administrator Role,T1098.003,Account Manipulation,T1098,Account Manipulation,Broken out from pre-defined behavior within Account Manipulation
Add-ins,T1137.006,Office Application Startup,T1137,Office Application Startup,Broken out from pre-defined behavior within Office Application Startup
Additional Azure Service Principal Credentials,T1098.001,Account Manipulation,T1098,Account Manipulation,Broken out from pre-defined behavior within Account Manipulation
AppCert DLLs,T1546.009,Event Triggered Execution,,,Existing technique that became a sub-technique
AppInit DLLs,T1546.010,Event Triggered Execution,,,Existing technique that became a sub-technique
AppleScript,T1059.002,Command and Scripting Interpreter,,,Existing technique that became a sub-technique
Application Access Token,T1550.001,Use Alternate Authentication Material,,,Existing technique that became a sub-technique
Application Exhaustion Flood,T1499.003,Endpoint Denial of Service,T1499,Endpoint Denial of Service,Broken out from pre-defined behavior within Endpoint Denial of Service
Application Shimming,T1546.011,Event Triggered Execution,,,Existing technique that became a sub-technique
Application or System Exploitation,T1499.004,Endpoint Denial of Service,T1499,Endpoint Denial of Service,Broken out from pre-defined behavior within Endpoint Denial of Service
Archive via Custom Method,T1560.003,Archive Collected Data,T1022,Data Encrypted,Broken out from pre-defined behavior within Archive Collected Data
Archive via Library,T1560.002,Archive Collected Data,T1022,Data Encrypted,Broken out from pre-defined behavior within Archive Collected Data
Archive via Utility,T1560.001,Archive Collected Data,T1022,Data Encrypted,Broken out from pre-defined behavior within Archive Collected Data
Asymmetric Cryptography,T1573.002,Encrypted Channel,T1024,Custom Cryptographic Protocol,Broken out from pre-defined behavior within Encrypted Channel
Asynchronous Procedure Call,T1055.004,Process Injection,,,Existing technique that became a sub-technique
At (Linux),T1053.001,Scheduled Task/Job,T1168,Local Job Scheduling,Broken out from pre-defined behavior within prior Local Job Scheduling technique
At (Windows),T1053.002,Scheduled Task/Job,T1168,Local Job Scheduling,Broken out from pre-defined behavior within prior Scheduled Task technique
Authentication Package,T1547.002,Boot or Logon Autostart Execution,,,Existing technique that became a sub-technique
Bash History,T1552.003,Unsecured Credentials,,,Existing technique that became a sub-technique
Bidirectional Communication,T1102.002,Web Service,T1102,Web Service,Broken out from pre-defined behavior within Web Service
Binary Padding,T1027.001,Obfuscated Files or Information,,,Existing technique that became a sub-technique
Bootkit,T1542.003,Pre-OS Boot,,,Existing technique that became a sub-technique
Bypass User Access Control,T1548.002,Abuse Elevation Control Mechanism,,,Existing technique that became a sub-technique
CMSTP,T1218.003,Signed Binary Proxy Execution,,,Existing technique that became a sub-technique
COR_PROFILER,T1574.012,Hijack Execution Flow,,,Created as distinct behavior within Hijack Execution Flow
Cached Domain Credentials,T1003.005,OS Credential Dumping,T1003,OS Credential Dumping,Broken out from pre-defined behavior within OS Credential Dumping
Change Default File Association,T1546.001,Event Triggered Execution,,,Existing technique that became a sub-technique
Clear Command History,T1070.003,Indicator Removal on Host,,,Existing technique that became a sub-technique
Clear Linux or Mac System Logs,T1070.002,Indicator Removal on Host,T1070,Indicator Removal on Host,Broken out from pre-defined behavior within Indicator Removal on Host
Clear Windows Event Logs,T1070.001,Indicator Removal on Host,T1070,Indicator Removal on Host,Broken out from pre-defined behavior within Indicator Removal on Host
Cloud Account,T1136.003,Create Account,T1136,Create Account,Broken out from pre-defined behavior within Create Account
Cloud Account,T1087.004,Account Discovery,,,Added for parity with Create Account
Cloud Accounts,T1078.004,Valid Accounts,T1078,Valid Accounts,Broken out from pre-defined behavior Valid Accounts in a way that has parity with Create Account
Cloud Groups,T1069.003,Permission Groups Discovery,T1069,Permission Groups Discovery,Broken out from pre-defined behavior within Permission Groups Discovery in a way that has parity with Account Discovery
Cloud Instance Metadata API,T1552.005,Unsecured Credentials,,,Existing technique that became a sub-technique
Code Signing,T1553.002,Subvert Trust Controls,,,Existing technique that became a sub-technique
Compile After Delivery,T1027.004,Obfuscated Files or Information,,,Existing technique that became a sub-technique
Compiled HTML File,T1218.001,Signed Binary Proxy Execution,,,Existing technique that became a sub-technique
Component Firmware,T1542.002,Pre-OS Boot,,,Existing technique that became a sub-technique
Component Object Model,T1559.001,Inter-Process Communication,T1175,Component Object Model and Distributed COM,Deprecated and split into separate Component Object Model and Distributed Component Object Model sub-techniques.
Component Object Model Hijacking,T1546.015,Event Triggered Execution,,,Existing technique that became a sub-technique
Compromise Hardware Supply Chain,T1195.003,Supply Chain Compromise,T1195,Supply Chain Compromise,Broken out from pre-defined behavior within Supply Chain Compromise
Compromise Software Dependencies and Development Tools,T1195.001,Supply Chain Compromise,T1195,Supply Chain Compromise,Broken out from pre-defined behavior within Supply Chain Compromise
Compromise Software Supply Chain,T1195.002,Supply Chain Compromise,T1195,Supply Chain Compromise,Broken out from pre-defined behavior within Supply Chain Compromise
Confluence,T1213.001,Data from Information Repositories,T1213,Data from Information Repositories,Broken out from pre-defined behavior within Data from Information Repositories
Control Panel,T1218.002,Signed Binary Proxy Execution,,,Existing technique that became a sub-technique
Create Cloud Instance,T1578.002,Modify Cloud Compute Infrastructure,,,Created as distinct behavior within Modify Cloud Compute Infrastructure
Create Process with Token,T1134.002,Access Token Manipulation,T1134,Access Token Manipulation,Broken out from pre-defined behavior within Access Token Manipulation
Create Snapshot,T1578.001,Modify Cloud Compute Infrastructure,,,Created as distinct behavior within Modify Cloud Compute Infrastructure
Credential API Hooking,T1056.004,Input Capture,,,Existing technique that became a sub-technique and was renamed from API Hooking. Scope change to only credential access for API hooking was based on available procedure examples
Credential Stuffing,T1110.004,Brute Force,,,Created as distinct behavior variation of Brute Force
Credentials In Files,T1552.001,Unsecured Credentials,,,Existing technique that became a sub-technique
Credentials from Web Browsers,T1555.003,Credentials from Password Stores,,,Existing technique that became a sub-technique
Credentials in Registry,T1552.002,Unsecured Credentials,,,Existing technique that became a sub-technique
Cron,T1053.003,Scheduled Task/Job,T1168,Local Job Scheduling,Broken out from pre-defined behavior within prior Local Job Scheduling technique
DCSync,T1003.006,OS Credential Dumping,T1003,OS Credential Dumping,Broken out from pre-defined behavior within OS Credential Dumping
DLL Search Order Hijacking,T1574.001,Hijack Execution Flow,,,Existing technique that became a sub-technique
DLL Side-Loading,T1574.002,Hijack Execution Flow,,,Existing technique that became a sub-technique
DNS,T1071.004,Application Layer Protocol,,,Created as distinct behavior due to how Application Layer Protocols are used for C2
DNS Calculation,T1568.003,Dynamic Resolution,,,Existing PRE-ATT&CK technique that became a sub-technique in Enterprise
Dead Drop Resolver,T1102.001,Web Service,T1102,Web Service,Broken out from pre-defined behavior within Web Service
Default Accounts,T1078.001,Valid Accounts,T1078,Valid Accounts,Broken out from pre-defined behavior within Valid Accounts in a way that has parity with Create Account
Delete Cloud Instance,T1578.003,Modify Cloud Compute Infrastructure,,,Created as distinct behavior within Modify Cloud Compute Infrastructure
Direct Network Flood,T1498.001,Network Denial of Service,T1498,Network Denial of Service,Broken out from pre-defined behavior within Network Denial of Service
Disable Windows Event Logging,T1562.002,Impair Defenses,,,Existing technique that became a sub-technique
Disable or Modify Cloud Firewall,T1562.007,Impair Defenses,,,Created as distinct behavior within Impair Defenses
Disable or Modify System Firewall,T1562.004,Impair Defenses,,,Existing technique that became a sub-technique
Disable or Modify Tools,T1562.001,Impair Defenses,,,Existing technique that became a sub-technique
Disk Content Wipe,T1561.001,Disk Wipe,,,Existing technique that became a sub-technique
Disk Structure Wipe,T1561.002,Disk Wipe,,,Existing technique that became a sub-technique
Distributed Component Object Model,T1021.003,Remote Services,T1175,Component Object Model and Distributed COM,Deprecated and split into separate Component Object Model and Distributed Component Object Model sub-techniques.
Domain Account,T1136.002,Create Account,T1136,Create Account,Broken out from pre-defined behavior within Create Account
Domain Account,T1087.002,Account Discovery,,,Added for parity with Create Account
Domain Accounts,T1078.002,Valid Accounts,T1078,Valid Accounts,Broken out from pre-defined behavior within Valid Accounts in a way that has parity with Create Account
Domain Controller Authentication,T1556.001,Modify Authentication Process,T1556,Modify Authentication Process,Broken out from pre-defined behavior within Account Manipulation
Domain Fronting,T1090.004,Proxy,,,Existing technique that became a sub-technique
Domain Generation Algorithms,T1568.002,Dynamic Resolution,,,Existing technique that became a sub-technique
Domain Groups,T1069.002,Permission Groups Discovery,T1069,Permission Groups Discovery,Broken out from pre-defined behavior within Permission Groups Discovery in a way that has parity with Account Discovery
Dylib Hijacking,T1574.004,Hijack Execution Flow,,,Existing technique that became a sub-technique
Dynamic Data Exchange,T1559.002,Inter-Process Communication,,,Existing technique that became a sub-technique
Dynamic-link Library Injection,T1055.001,Process Injection,T1055,Process Injection,Broken out from pre-defined behavior within Process Injection
Elevated Execution with Prompt,T1548.004,Abuse Elevation Control Mechanism,,,Existing technique that became a sub-technique
Email Account,T1087.003,Account Discovery,T1087,Account Discovery,Broken out from pre-defined behavior within Account Discovery
Email Forwarding Rule,T1114.003,Email Collection,T1114,Email Collection,Broken out from pre-defined behavior within Email Collection
Emond,T1546.014,Event Triggered Execution,,,Existing technique that became a sub-technique
Environmental Keying,T1480.001,Execution Guardrails,T1480,Execution Guardrails,Broken out from pre-defined behavior within Execution Guardrails
Exchange Email Delegate Permissions,T1098.002,Account Manipulation,T1098,Account Manipulation,Broken out from pre-defined behavior within Account Manipulation
Executable Installer File Permissions Weakness,T1574.005,Hijack Execution Flow,,,Existing technique that became a sub-technique
Exfiltration Over Asymmetric Encrypted Non-C2 Protocol,T1048.002,Exfiltration Over Alternative Protocol,T1048,Exfiltration Over Alternative Protocol,Broken out from pre-defined behavior within Exfiltration Over Alternative Protocol
Exfiltration Over Bluetooth,T1011.001,Exfiltration Over Other Network Medium,T1011,Exfiltration Over Other Network Medium,Broken out from pre-defined behavior within Exfiltration over Other Network Medium
Exfiltration Over Symmetric Encrypted Non-C2 Protocol,T1048.001,Exfiltration Over Alternative Protocol,T1048,Exfiltration Over Alternative Protocol,Broken out from pre-defined behavior within Exfiltration Over Alternative Protocol
Exfiltration Over Unencrypted/Obfuscated Non-C2 Protocol,T1048.003,Exfiltration Over Alternative Protocol,T1048,Exfiltration Over Alternative Protocol,Broken out from pre-defined behavior within Exfiltration Over Alternative Protocol
Exfiltration over USB,T1052.001,Exfiltration Over Physical Medium,T1052,Exfiltration Over Physical Medium,Broken out from pre-defined behavior within Exfiltration Over Physical Medium
Exfiltration to Cloud Storage,T1567.002,Exfiltration Over Web Service,T1567,Exfiltration Over Web Service,Broken out from pre-defined behavior within Exfiltration Over Alternative Protocol
Exfiltration to Code Repository,T1567.001,Exfiltration Over Web Service,T1567,Exfiltration Over Web Service,Broken out from pre-defined behavior within Exfiltration Over Alternative Protocol
External Defacement,T1491.002,Defacement,T1491,Defacement,Broken out from pre-defined behavior within Defacement
External Proxy,T1090.002,Proxy,T1090,Proxy,Broken out from pre-defined behavior within Connection Proxy
Extra Window Memory Injection,T1055.011,Process Injection,T1055,Process Injection,Broken out from pre-defined behavior within Process Injection
Fast Flux DNS,T1568.001,Dynamic Resolution,,,Existing PRE-ATT&CK technique that became a sub-technique in Enterprise
File Deletion,T1070.004,Indicator Removal on Host,,,Existing technique that became a sub-technique
File Transfer Protocols,T1071.002,Application Layer Protocol,,,Created as distinct behavior due to how Application Layer Protocols are used for C2
GUI Input Capture,T1056.002,Input Capture,T1056,Input Capture,Broken out from pre-defined behavior within Input Capture
Gatekeeper Bypass,T1553.001,Subvert Trust Controls,,,Existing technique that became a sub-technique
Golden Ticket,T1558.001,Steal or Forge Kerberos Tickets,T1558,Steal or Forge Kerberos Tickets,Broken out from pre-defined behavior within Pass the Ticket technique
Group Policy Preferences,T1552.006,Unsecured Credentials,,,Existing technique that became a sub-technique
HISTCONTROL,T1562.003,Impair Defenses,,,Existing technique that became a sub-technique
Hidden File System,T1564.005,Hide Artifacts,,,Created as distinct behavior within Hide Artifacts
Hidden Files and Directories,T1564.001,Hide Artifacts,,,Existing technique that became a sub-technique
Hidden Users,T1564.002,Hide Artifacts,,,Existing technique that became a sub-technique
Hidden Window,T1564.003,Hide Artifacts,,,Existing technique that became a sub-technique
Image File Execution Options Injection,T1546.012,Event Triggered Execution,,,Existing technique that became a sub-technique
Indicator Blocking,T1562.006,Impair Defenses,,,Existing technique that became a sub-technique
Indicator Removal from Tools,T1027.005,Obfuscated Files or Information,,,Existing technique that became a sub-technique
Install Root Certificate,T1553.004,Subvert Trust Controls,,,Existing technique that became a sub-technique
InstallUtil,T1218.004,Signed Binary Proxy Execution,,,Existing technique that became a sub-technique
Internal Defacement,T1491.001,Defacement,T1491,Defacement,Broken out from pre-defined behavior within Defacement
Internal Proxy,T1090.001,Proxy,T1090,Proxy,Broken out from pre-defined behavior within Connection Proxy
Invalid Code Signature,T1036.001,Masquerading,,,Created based on procedure examples within Code Signing as a distinct behavior using invalid digital signatures
JavaScript/JScript,T1059.007,Command and Scripting Interpreter,,,Created as distinct behavior within Command and Scripting Interpreter
Junk Data,T1001.001,Data Obfuscation,T1001,Data Obfuscation,Broken out from pre-defined behavior within Data Obfuscation
Kerberoasting,T1558.003,Steal or Forge Kerberos Tickets,,,Existing technique that became a sub-technique
Kernel Modules and Extensions,T1547.006,Boot or Logon Autostart Execution,,,Existing technique that became a sub-technique
Keychain,T1555.001,Credentials from Password Stores,,,Existing technique that became a sub-technique
Keylogging,T1056.001,Input Capture,T1056,Input Capture,Broken out from pre-defined behavior within Input Capture
LC_LOAD_DYLIB Addition,T1546.006,Event Triggered Execution,,,Existing technique that became a sub-technique
LD_PRELOAD,T1574.006,Hijack Execution Flow,,,Existing technique that became a sub-technique
LLMNR/NBT-NS Poisoning and SMB Relay,T1557.001,Man-in-the-Middle,,,Existing technique that became a sub-technique
LSA Secrets,T1003.004,OS Credential Dumping,T1003,OS Credential Dumping,Broken out from pre-defined behavior within OS Credential Dumping
LSASS Driver,T1547.008,Boot or Logon Autostart Execution,,,Existing technique that became a sub-technique
LSASS Memory,T1003.001,OS Credential Dumping,T1003,OS Credential Dumping,Broken out from pre-defined behavior within OS Credential Dumping
Launch Agent,T1543.001,Create or Modify System Process,,,Existing technique that became a sub-technique
Launch Daemon,T1543.004,Create or Modify System Process,,,Existing technique that became a sub-technique
Launchctl,T1569.001,System Services,,,Existing technique that became a sub-technique
Launchd,T1053.004,Scheduled Task/Job,T1168,Local Job Scheduling,Existing technique that became a sub-technique
Linux and Mac File and Directory Permissions Modification,T1222.002,File and Directory Permissions Modification,T1222,File and Directory Permissions Modification,Broken out from pre-defined behavior within File and Directory Permissions Modification
Local Account,T1136.001,Create Account,T1136,Create Account,Broken out from pre-defined behavior within Create Account
Local Account,T1087.001,Account Discovery,,,Added for parity with Create Account
Local Accounts,T1078.003,Valid Accounts,T1078,Valid Accounts,Broken out from pre-defined behavior within Valid Accounts in a way that has parity with Create Account
Local Data Staging,T1074.001,Data Staged,T1074,Data Staged,Broken out from pre-defined behavior within Data Staged
Local Email Collection,T1114.001,Email Collection,T1114,Email Collection,Broken out from pre-defined behavior within Email Collection
Local Groups,T1069.001,Permission Groups Discovery,T1069,Permission Groups Discovery,Broken out from pre-defined behavior within Permission Groups Discovery in a way that has parity with Account Discovery
Logon Script (Mac),T1037.002,Boot or Logon Initialization Scripts,,,Existing technique that became a sub-technique
Logon Script (Windows),T1037.001,Boot or Logon Initialization Scripts,,,Existing technique that became a sub-technique
MSBuild,T1127.001,Trusted Developer Utilities Proxy Execution,T1127,Trusted Developer Utilities Proxy Execution,Broken out from pre-defined behavior within Trusted Developer Utilities Proxy Execution
Mail Protocols,T1071.003,Application Layer Protocol,,,Created as distinct behavior due to how Application Layer Protocols are used for C2
Make and Impersonate Token,T1134.003,Access Token Manipulation,T1134,Access Token Manipulation,Broken out from pre-defined behavior within Access Token Manipulation
Malicious File,T1204.002,User Execution,T1204,User Execution,Broken out from pre-defined behavior within User Execution
Malicious Link,T1204.001,User Execution,T1204,User Execution,Broken out from pre-defined behavior within User Execution
Masquerade Task or Service,T1036.004,Masquerading,T1036,Masquerading,Broken out from pre-defined behavior within Masquerading
Match Legitimate Name or Location,T1036.005,Masquerading,T1036,Masquerading,Broken out from pre-defined behavior within Masquerading
Mshta,T1218.005,Signed Binary Proxy Execution,,,Existing technique that became a sub-technique
Msiexec,T1218.007,Signed Binary Proxy Execution,T1218,Signed Binary Proxy Execution,Broken out from pre-defined behavior within Signed Binary Proxy Execution technique
Multi-hop Proxy,T1090.003,Proxy,,,Existing technique that became a sub-technique
NTDS,T1003.003,OS Credential Dumping,T1003,OS Credential Dumping,Broken out from pre-defined behavior within OS Credential Dumping
NTFS File Attributes,T1564.004,Hide Artifacts,,,Existing technique that became a sub-technique
Netsh Helper DLL,T1546.007,Event Triggered Execution,,,Existing technique that became a sub-technique
Network Logon Script,T1037.003,Boot or Logon Initialization Scripts,,,Existing technique that became a sub-technique
Network Share Connection Removal,T1070.005,Indicator Removal on Host,,,Existing technique that became a sub-technique
Non-Standard Encoding,T1132.002,Data Encoding,T1132,Data Encoding,Broken out from pre-defined behavior within Data Encoding
OS Exhaustion Flood,T1499.001,Endpoint Denial of Service,T1499,Endpoint Denial of Service,Broken out from pre-defined behavior within Endpoint Denial of Service
Odbcconf,T1218.008,Signed Binary Proxy Execution,T1218,Signed Binary Proxy Execution,Broken out from pre-defined behavior within Signed Binary Proxy Execution technique
Office Template Macros,T1137.001,Office Application Startup,T1137,Office Application Startup,Broken out from pre-defined behavior within Office Application Startup
Office Test,T1137.002,Office Application Startup,T1137,Office Application Startup,Broken out from pre-defined behavior within Office Application Startup
One-Way Communication,T1102.003,Web Service,T1102,Web Service,Broken out from pre-defined behavior within Web Service
Outlook Forms,T1137.003,Office Application Startup,T1137,Office Application Startup,Broken out from pre-defined behavior within Office Application Startup
Outlook Home Page,T1137.004,Office Application Startup,T1137,Office Application Startup,Broken out from pre-defined behavior within Office Application Startup
Outlook Rules,T1137.005,Office Application Startup,T1137,Office Application Startup,Broken out from pre-defined behavior within Office Application Startup
Parent PID Spoofing,T1134.004,Access Token Manipulation,,,Added due to manipulation of tokens
Pass the Hash,T1550.002,Use Alternate Authentication Material,,,Existing technique that became a sub-technique
Pass the Ticket,T1550.003,Use Alternate Authentication Material,,,Existing technique that became a sub-technique
Password Cracking,T1110.002,Brute Force,T1110,Brute Force,Broken out from pre-defined behavior within Brute Force
Password Filter DLL,T1556.002,Modify Authentication Process,,,Existing technique that became a sub-technique
Password Guessing,T1110.001,Brute Force,T1110,Brute Force,Broken out from pre-defined behavior within Brute Force
Password Spraying,T1110.003,Brute Force,T1110,Brute Force,Broken out from pre-defined behavior within Brute Force
Path Interception by PATH Environment Variable,T1574.007,Hijack Execution Flow,T1034,Path Interception,"Deprecated and split into separate Unquoted Path, PATH Environment Variable, and Search Order Hijacking sub-techniques."
Path Interception by Search Order Hijacking,T1574.008,Hijack Execution Flow,T1034,Path Interception,"Deprecated and split into separate Unquoted Path, PATH Environment Variable, and Search Order Hijacking sub-techniques."
Path Interception by Unquoted Path,T1574.009,Hijack Execution Flow,T1034,Path Interception,"Deprecated and split into separate Unquoted Path, PATH Environment Variable, and Search Order Hijacking sub-techniques."
Plist Modification,T1547.011,Boot or Logon Autostart Execution,,,Existing technique that became a sub-technique
Pluggable Authentication Modules,T1556.003,Modify Authentication Process,,,Created as distinct behavior within Modify Authentication Process
Port Knocking,T1205.001,Traffic Signaling,T1205,Traffic Signaling,Broken out from pre-defined behavior within Traffic Signaling
Port Monitors,T1547.010,Boot or Logon Autostart Execution,,,Existing technique that became a sub-technique
Portable Executable Injection,T1055.002,Process Injection,T1055,Process Injection,Broken out from pre-defined behavior within Process Injection
PowerShell,T1059.001,Command and Scripting Interpreter,,,Existing technique that became a sub-technique
PowerShell Profile,T1546.013,Event Triggered Execution,,,Existing technique that became a sub-technique
Private Keys,T1552.004,Unsecured Credentials,,,Existing technique that became a sub-technique
Proc Filesystem,T1003.007,OS Credential Dumping,T1003,OS Credential Dumping,Broken out from pre-defined behavior within OS Credential Dumping
Proc Memory,T1055.009,Process Injection,T1055,Process Injection,Broken out from pre-defined behavior within Process Injection
Process Doppelgänging,T1055.013,Process Injection,,,Existing technique that became a sub-technique
Process Hollowing,T1055.012,Process Injection,,,Existing technique that became a sub-technique
Protocol Impersonation,T1001.003,Data Obfuscation,T1001,Data Obfuscation,Broken out from pre-defined behavior within Data Obfuscation
Ptrace System Calls,T1055.008,Process Injection,T1055,Process Injection,Broken out from pre-defined behavior within Process Injection
PubPrn,T1216.001,Signed Script Proxy Execution,,,Existing technique that became a sub-technique
Python,T1059.006,Command and Scripting Interpreter,T1064,Scripting,"Deprecated and split into separate Unix Shell, Visual Basic, JavaScript/Jscript, and Python sub-techniques of Command and Scripting Interpreter."
RDP Hijacking,T1563.002,Remote Service Session Hijacking,T1563,Remote Service Session Hijacking,Broken out from pre-defined behavior within Remote Desktop Protocol
Rc.common,T1037.004,Boot or Logon Initialization Scripts,,,Existing technique that became a sub-technique
Re-opened Applications,T1547.007,Boot or Logon Autostart Execution,,,Existing technique that became a sub-technique
Reflection Amplification,T1498.002,Network Denial of Service,T1498,Network Denial of Service,Broken out from pre-defined behavior within Network Denial of Service
Registry Run Keys / Startup Folder,T1547.001,Boot or Logon Autostart Execution,,,Existing technique that became a sub-technique
Regsvcs/Regasm,T1218.009,Signed Binary Proxy Execution,,,Existing technique that became a sub-technique
Regsvr32,T1218.010,Signed Binary Proxy Execution,,,Existing technique that became a sub-technique
Remote Data Staging,T1074.002,Data Staged,T1074,Data Staged,Broken out from pre-defined behavior within Data Staged
Remote Desktop Protocol,T1021.001,Remote Services,,,Existing technique that became a sub-technique
Remote Email Collection,T1114.002,Email Collection,T1114,Email Collection,Broken out from pre-defined behavior within Email Collection
Rename System Utilities,T1036.003,Masquerading,T1036,Masquerading,Broken out from pre-defined behavior within Masquerading
Revert Cloud Instance,T1578.004,Modify Cloud Compute Infrastructure,,,Created as distinct behavior within Modify Cloud Compute Infrastructure
Right-to-Left Override,T1036.002,Masquerading,T1036,Masquerading,Broken out from pre-defined behavior within Masquerading
Run Virtual Instance,T1564.006,Hide Artifacts,,,Created as distinct behavior within Hide Artifacts
Rundll32,T1218.011,Signed Binary Proxy Execution,,,Existing technique that became a sub-technique
Runtime Data Manipulation,T1565.003,Data Manipulation,,,Existing technique that became a sub-technique
SID-History Injection,T1134.005,Access Token Manipulation,,,Added due to manipulation of token information
SIP and Trust Provider Hijacking,T1553.003,Subvert Trust Controls,,,Existing technique that became a sub-technique
SMB/Windows Admin Shares,T1021.002,Remote Services,,,Existing technique that became a sub-technique and was renamed from Windows Admin Shares
SQL Stored Procedures,T1505.001,Server Software Component,T1505,Server Software Component,Broken out from pre-defined behavior within Server Software Component technique
SSH,T1021.004,Remote Services,T1021,Remote Services,Broken out from pre-defined behavior within Remote Services technique
SSH Authorized Keys,T1098.004,Account Manipulation,,,Created as distinct behavior within Account Manipulation
SSH Hijacking,T1563.001,Remote Service Session Hijacking,,,Existing technique that became a sub-technique
Scheduled Task,T1053.005,Scheduled Task/Job,T1168,Local Job Scheduling,Existing technique that became a sub-technique
Screensaver,T1546.002,Event Triggered Execution,,,Existing technique that became a sub-technique
Security Account Manager,T1003.002,OS Credential Dumping,T1003,OS Credential Dumping,Broken out from pre-defined behavior within OS Credential Dumping
Security Software Discovery,T1518.001,Software Discovery,,,Existing technique that became a sub-technique
Security Support Provider,T1547.005,Boot or Logon Autostart Execution,,,Existing technique that became a sub-technique
Securityd Memory,T1555.002,Credentials from Password Stores,,,Existing technique that became a sub-technique
Service Execution,T1569.002,System Services,,,Existing technique that became a sub-technique
Service Exhaustion Flood,T1499.002,Endpoint Denial of Service,T1499,Endpoint Denial of Service,Broken out from pre-defined behavior within Endpoint Denial of Service
Services File Permissions Weakness,T1574.010,Hijack Execution Flow,,,Existing technique that became a sub-technique
Services Registry Permissions Weakness,T1574.011,Hijack Execution Flow,,,Existing technique that became a sub-technique
Setuid and Setgid,T1548.001,Abuse Elevation Control Mechanism,,,Existing technique that became a sub-technique
Sharepoint,T1213.002,Data from Information Repositories,T1213,Data from Information Repositories,Broken out from pre-defined behavior within Data from Information Repositories
Shortcut Modification,T1547.009,Boot or Logon Autostart Execution,,,Existing technique that became a sub-technique
Silver Ticket,T1558.002,Steal or Forge Kerberos Tickets,T1558,Steal or Forge Kerberos Tickets,Broken out from pre-defined behavior within Pass the Ticket technique
Software Packing,T1027.002,Obfuscated Files or Information,,,Existing technique that became a sub-technique
Space after Filename,T1036.006,Masquerading,,,Existing technique that became a sub-technique
Spearphishing Attachment,T1566.001,Phishing,,,Existing technique that became a sub-technique
Spearphishing Link,T1566.002,Phishing,,,Existing technique that became a sub-technique
Spearphishing via Service,T1566.003,Phishing,,,Existing technique that became a sub-technique
Standard Encoding,T1132.001,Data Encoding,T1132,Data Encoding,Broken out from pre-defined behavior within Data Encoding
Startup Items,T1037.005,Boot or Logon Initialization Scripts,,,Existing technique that became a sub-technique
Steganography,T1027.003,Obfuscated Files or Information,T1027,Obfuscated Files or Information,Broken out from pre-defined behavior within Obfuscated Files or Information
Steganography,T1001.002,Data Obfuscation,T1001,Data Obfuscation,Broken out from pre-defined behavior within Data Obfuscation
Stored Data Manipulation,T1565.001,Data Manipulation,,,Existing technique that became a sub-technique
Sudo and Sudo Caching,T1548.003,Abuse Elevation Control Mechanism,,,Existing technique that became a sub-technique
Symmetric Cryptography,T1573.001,Encrypted Channel,T1024,Custom Cryptographic Protocol,Broken out from pre-defined behavior within Encrypted Channel
System Checks,T1497.001,Virtualization/Sandbox Evasion,T1497,Virtualization/Sandbox Evasion,Broken out from pre-defined behavior within Virtualization/Sandbox Evasion
System Firmware,T1542.001,Pre-OS Boot,,,Existing technique that became a sub-technique
Systemd Service,T1543.002,Create or Modify System Process,,,Existing technique that became a sub-technique
Thread Execution Hijacking,T1055.003,Process Injection,T1055,Process Injection,Broken out from pre-defined behavior within Process Injection
Thread Local Storage,T1055.005,Process Injection,T1055,Process Injection,Broken out from pre-defined behavior within Process Injection
Time Based Evasion,T1497.003,Virtualization/Sandbox Evasion,T1497,Virtualization/Sandbox Evasion,Broken out from pre-defined behavior within Virtualization/Sandbox Evasion
Time Providers,T1547.003,Boot or Logon Autostart Execution,,,Existing technique that became a sub-technique
Timestomp,T1070.006,Indicator Removal on Host,,,Existing technique that became a sub-technique
Token Impersonation/Theft,T1134.001,Access Token Manipulation,T1134,Access Token Manipulation,Broken out from pre-defined behavior within Access Token Manipulation
Transmitted Data Manipulation,T1565.002,Data Manipulation,,,Existing technique that became a sub-technique
Transport Agent,T1505.002,Server Software Component,T1505,Server Software Component,Broken out from pre-defined behavior within Server Software Component technique
Trap,T1546.005,Event Triggered Execution,,,Existing technique that became a sub-technique
Unix Shell,T1059.004,Command and Scripting Interpreter,T1064,Scripting,"Deprecated and split into separate Unix Shell, Visual Basic, JavaScript/Jscript, and Python sub-techniques of Command and Scripting Interpreter."
User Activity Based Checks,T1497.002,Virtualization/Sandbox Evasion,T1497,Virtualization/Sandbox Evasion,Broken out from pre-defined behavior within Virtualization/Sandbox Evasion
VDSO Hijacking,T1055.014,Process Injection,T1055,Process Injection,Broken out from pre-defined behavior within Process Injection
VNC,T1021.005,Remote Services,T1021,Remote Services,Broken out from pre-defined behavior within Remote Services technique
Visual Basic,T1059.005,Command and Scripting Interpreter,T1064,Scripting,"Deprecated and split into separate Unix Shell, Visual Basic, JavaScript/Jscript, and Python sub-techniques of Command and Scripting Interpreter."
Web Portal Capture,T1056.003,Input Capture,T1056,Input Capture,Broken out from pre-defined behavior within Input Capture
Web Protocols,T1071.001,Application Layer Protocol,,,Created as distinct behavior due to how Application Layer Protocols are used for C2
Web Session Cookie,T1550.004,Use Alternate Authentication Material,,,Existing technique that became a sub-technique
Web Shell,T1505.003,Server Software Component,,,Existing technique that became a sub-technique
Windows Command Shell,T1059.003,Command and Scripting Interpreter,,,Existing technique that became a sub-technique
Windows File and Directory Permissions Modification,T1222.001,File and Directory Permissions Modification,T1222,File and Directory Permissions Modification,Broken out from pre-defined behavior within File and Directory Permissions Modification
Windows Management Instrumentation Event Subscription,T1546.003,Event Triggered Execution,,,Existing technique that became a sub-technique
Windows Remote Management,T1021.006,Remote Services,,,Existing technique that became a sub-technique
Windows Service,T1543.003,Create or Modify System Process,,,Existing technique that became a sub-technique. Consolidates Modify Existing Service and New Service techniques into one sub-technique
Winlogon Helper DLL,T1547.004,Boot or Logon Autostart Execution,,,Existing technique that became a sub-technique
