TID,Technique Name,New ID,New Technique Name,Sub-technique of,Change Type,Note,Comments
T1013,Port Monitors,T1547.010,Port Monitors,T1547 Boot or Logon Autostart Execution,Became a Sub-Technique,,Existing technique that became a sub-technique
T1015,Accessibility Features,T1546.008,Accessibility Features,T1546 Event Triggered Execution,Became a Sub-Technique,,
T1034,Path Interception,N/A,N/A,N/A,Became Multiple Sub-Techniques,,"Deprecated and split into separate Unquoted Path, PATH Environment Variable, and Search Order Hijacking sub-techniques. Existing Group/Software procedure examples were remapped appropriately"
T1038,DLL Search Order Hijacking,T1574.001,DLL Search Order Hijacking,T1574 Hijack Execution Flow,Became a Sub-Technique,,
T1044,File System Permissions Weakness,T1574.010,Services File Permissions Weakness,T1574 Hijack Execution Flow,Became a Sub-Technique,,
T1050,New Service,T1543.003,Windows Service,T1543 Create or Modify System Process,Multiple Techniques Became New Sub-Technique,,
T1053,Scheduled Task,T1053,Scheduled Task/Job,N/A,Remains Technique,Renamed,Name change from Local Job Scheduling and new sub-techniques added
T1055,Process Injection,T1055,Process Injection,N/A,Remains Technique,,New sub-techniques added
T1058,Service Registry Permissions Weakness,T1574.011,Services Registry Permissions Weakness,T1574 Hijack Execution Flow,Became a Sub-Technique,,
T1068,Exploitation for Privilege Escalation,T1068,Exploitation for Privilege Escalation,N/A,Remains Technique,,Minor description update
T1078,Valid Accounts,T1078,Valid Accounts,N/A,Remains Technique,,New sub-techniques added
T1088,Bypass User Account Control,T1548.002,Bypass User Access Control,T1548 Abuse Elevation Control Mechanism,Became a Sub-Technique,,
T1100,Web Shell,T1505.003,Web Shell,T1505 Server Software Component,Became a Sub-Technique,,
T1103,AppInit DLLs,T1546.010,AppInit DLLs,T1546 Event Triggered Execution,Became a Sub-Technique,,
T1134,Access Token Manipulation,T1134,Access Token Manipulation,N/A,Remains Technique,,New sub-techniques added
T1138,Application Shimming,T1546.011,Application Shimming,T1546 Event Triggered Execution,Became a Sub-Technique,,
T1150,Plist Modification,T1547.011,Plist Modification,T1547 Boot or Logon Autostart Execution,Multiple Techniques Became New Sub-Technique,,
T1157,Dylib Hijacking,T1574.004,Dylib Hijacking,T1574 Hijack Execution Flow,Became a Sub-Technique,,
T1160,Launch Daemon,T1543.004,Launch Daemon,T1543 Create or Modify System Process,Became a Sub-Technique,,
T1165,Startup Items,T1037.005,Startup Items,T1037 Boot or Logon Initialization Scripts,Became a Sub-Technique,,
T1166,Setuid and Setgid,T1548.001,Setuid and Setgid,T1548 Abuse Elevation Control Mechanism,Became a Sub-Technique,,
T1169,Sudo,T1548.003,Sudo and Sudo Caching,T1548 Abuse Elevation Control Mechanism,Multiple Techniques Became New Sub-Technique,,
T1178,SID-History Injection,T1134.005,SID-History Injection,T1134 Access Token Manipulation,Became a Sub-Technique,,
T1179,Hooking,T1056.004,Credential API Hooking,T1056 Input Capture,Became a Sub-Technique,,
T1181,Extra Window Memory Injection,T1055.011,Extra Window Memory Injection,T1055 Process Injection,Became a Sub-Technique,,
T1182,AppCert DLLs,T1546.009,AppCert DLLs,T1546 Event Triggered Execution,Became a Sub-Technique,,
T1183,Image File Execution Options Injection,T1546.012,Image File Execution Options Injection,T1546 Event Triggered Execution,Became a Sub-Technique,,
T1206,Sudo Caching,T1548.003,Sudo and Sudo Caching,T1548 Abuse Elevation Control Mechanism,Multiple Techniques Became New Sub-Technique,,
T1502,Parent PID Spoofing,T1134.004,Parent PID Spoofing,T1134 Access Token Manipulation,Became a Sub-Technique,,
T1504,PowerShell Profile,T1546.013,PowerShell Profile,T1546 Event Triggered Execution,Became a Sub-Technique,,
T1514,Elevated Execution with Prompt,T1548.004,Elevated Execution with Prompt,T1548 Abuse Elevation Control Mechanism,Became a Sub-Technique,,
T1519,Emond,T1546.014,Emond,T1546 Event Triggered Execution,Became a Sub-Technique,,
