TID,Technique Name,New ID,New Technique Name,Sub-technique of,Change Type,Note,Comments
T1005,Data from Local System,T1005,Data from Local System,N/A,Remains Technique,,Fixed technique reference in description and minor description update
T1025,Data from Removable Media,T1025,Data from Removable Media,N/A,Remains Technique,,Fixed technique reference in description and minor description update
T1039,Data from Network Shared Drive,T1039,Data from Network Shared Drive,N/A,Remains Technique,,Fixed technique reference in description and minor description update
T1056,Input Capture,T1056,Input Capture,N/A,Remains Technique,,New sub-techniques added
T1074,Data Staged,T1074,Data Staged,N/A,Remains Technique,,New sub-techniques added
T1113,Screen Capture,T1113,Screen Capture,N/A,Remains Technique,,Minor description update
T1114,Email Collection,T1114,Email Collection,N/A,Remains Technique,,New sub-techniques added
T1115,Clipboard Data,T1115,Clipboard Data,N/A,Remains Technique,,Minor description update
T1119,Automated Collection,T1119,Automated Collection,N/A,Remains Technique,,
T1123,Audio Capture,T1123,Audio Capture,N/A,Remains Technique,,
T1125,Video Capture,T1125,Video Capture,N/A,Remains Technique,,
T1185,Man in the Browser,T1185,Man in the Browser,N/A,Remains Technique,,
T1213,Data from Information Repositories,T1213,Data from Information Repositories,N/A,Remains Technique,,New sub-techniques added
T1530,Data from Cloud Storage Object,T1530,Data from Cloud Storage Object,N/A,Remains Technique,,
