TID,Technique Name,New ID,New Technique Name,Sub-technique of,Change Type,Note,Comments
T1007,System Service Discovery,T1007,System Service Discovery,N/A,Remains Technique,,
T1010,Application Window Discovery,T1010,Application Window Discovery,N/A,Remains Technique,,Fixed technique reference in description
T1012,Query Registry,T1012,Query Registry,N/A,Remains Technique,,Fixed technique reference in description and minor description update
T1016,System Network Configuration Discovery,T1016,System Network Configuration Discovery,N/A,Remains Technique,,Fixed technique reference in description and minor description update
T1018,Remote System Discovery,T1018,Remote System Discovery,N/A,Remains Technique,,Fixed technique reference in description and minor description update
T1033,System Owner/User Discovery,T1033,System Owner/User Discovery,N/A,Remains Technique,,Fixed technique reference in description and minor description update
T1040,Network Sniffing,T1040,Network Sniffing,N/A,Remains Technique,,Minor description update
T1046,Network Service Scanning,T1046,Network Service Scanning,N/A,Remains Technique,,Minor description update
T1049,System Network Connections Discovery,T1049,System Network Connections Discovery,N/A,Remains Technique,,Fixed technique reference in description and minor description update
T1057,Process Discovery,T1057,Process Discovery,N/A,Remains Technique,,Fixed technique reference in description and minor description update
T1063,Security Software Discovery,T1518.001,Security Software Discovery,T1518 Software Discovery,Became a Sub-Technique,,
T1069,Permission Groups Discovery,T1069,Permission Groups Discovery,N/A,Remains Technique,,New sub-techniques added
T1082,System Information Discovery,T1082,System Information Discovery,N/A,Remains Technique,,Fixed technique reference in description and minor description update
T1083,File and Directory Discovery,T1083,File and Directory Discovery,N/A,Remains Technique,,Fixed technique reference in description and minor description update
T1087,Account Discovery,T1087,Account Discovery,N/A,Remains Technique,,New sub-techniques added
T1120,Peripheral Device Discovery,T1120,Peripheral Device Discovery,N/A,Remains Technique,,Fixed technique reference in description and minor description update
T1124,System Time Discovery,T1124,System Time Discovery,N/A,Remains Technique,,Minor description update
T1135,Network Share Discovery,T1135,Network Share Discovery,N/A,Remains Technique,,"Fixed technique reference in description, added Linux, and minor description update"
T1201,Password Policy Discovery,T1201,Password Policy Discovery,N/A,Remains Technique,,Fixed technique reference in description and minor description update
T1217,Browser Bookmark Discovery,T1217,Browser Bookmark Discovery,N/A,Remains Technique,,
T1482,Domain Trust Discovery,T1482,Domain Trust Discovery,N/A,Remains Technique,,Fixed technique reference in description and minor description update
T1497,Virtualization/Sandbox Evasion,T1497,Virtualization/Sandbox Evasion,N/A,Remains Technique,,New sub-techniques added
T1518,Software Discovery,T1518,Software Discovery,N/A,Remains Technique,,New sub-techniques added
T1526,Cloud Service Discovery,T1526,Cloud Service Discovery,N/A,Remains Technique,,Minor description update
T1538,Cloud Service Dashboard,T1538,Cloud Service Dashboard,N/A,Remains Technique,,
