TID,Technique Name,New ID,New Technique Name,Sub-technique of,Change Type,Note,Comments
T1002,Data Compressed,T1560,Archive Collected Data,N/A,One or More Techniques Became New Technique,,
T1011,Exfiltration Over Other Network Medium,T1011,Exfiltration Over Other Network Medium,N/A,Remains Technique,,New sub-techniques added
T1020,Automated Exfiltration,T1020,Automated Exfiltration,N/A,Remains Technique,,Fixed technique reference in description
T1022,Data Encrypted,T1560,Archive Collected Data,N/A,One or More Techniques Became New Technique,,
T1029,Scheduled Transfer,T1029,Scheduled Transfer,N/A,Remains Technique,,Minor description update
T1030,Data Transfer Size Limits,T1030,Data Transfer Size Limits,N/A,Remains Technique,,
T1041,Exfiltration Over Command and Control Channel,T1041,Exfiltration Over C2 Channel,N/A,Remains Technique,Renamed,Name change from Exfiltration over Command and Control Channel and added data sources
T1048,Exfiltration Over Alternative Protocol,T1048,Exfiltration Over Alternative Protocol,N/A,Remains Technique,,New sub-techniques added
T1052,Exfiltration Over Physical Medium,T1052,Exfiltration Over Physical Medium,N/A,Remains Technique,,New sub-techniques added
T1537,Transfer Data to Cloud Account,T1537,Transfer Data to Cloud Account,N/A,Remains Technique,,
