TID,Technique Name,New ID,New Technique Name,Sub-technique of,Change Type,Note,Comments
T1485,Data Destruction,T1485,Data Destruction,N/A,Remains Technique,,
T1486,Data Encrypted for Impact,T1486,Data Encrypted for Impact,N/A,Remains Technique,,
T1487,Disk Structure Wipe,T1561.002,Disk Structure Wipe,T1561 Disk Wipe,Became a Sub-Technique,,
T1488,Disk Content Wipe,T1561.001,Disk Content Wipe,T1561 Disk Wipe,Became a Sub-Technique,,
T1489,Service Stop,T1489,Service Stop,N/A,Remains Technique,,
T1490,Inhibit System Recovery,T1490,Inhibit System Recovery,N/A,Remains Technique,,
T1491,Defacement,T1491,Defacement,N/A,Remains Technique,,
T1492,Stored Data Manipulation,T1565.001,Stored Data Manipulation,T1565 Data Manipulation,Became a Sub-Technique,,
T1493,Transmitted Data Manipulation,T1565.002,Transmitted Data Manipulation,T1565 Data Manipulation,Became a Sub-Technique,,
T1494,Runtime Data Manipulation,T1565.003,Runtime Data Manipulation,T1565 Data Manipulation,Became a Sub-Technique,,
T1495,Firmware Corruption,T1495,Firmware Corruption,N/A,Remains Technique,,
T1496,Resource Hijacking,T1496,Resource Hijacking,N/A,Remains Technique,,
T1498,Network Denial of Service,T1498,Network Denial of Service,N/A,Remains Technique,,
T1499,Endpoint Denial of Service,T1499,Endpoint Denial of Service,N/A,Remains Technique,,
T1529,System Shutdown/Reboot,T1529,System Shutdown/Reboot,N/A,Remains Technique,,
T1531,Account Access Removal,T1531,Account Access Removal,N/A,Remains Technique,,
