TID,Technique Name,New ID,New Technique Name,Sub-technique of,Change Type,Note,Comments
T1004,Winlogon Helper DLL,T1547.004,Winlogon Helper DLL,T1547 Boot or Logon Autostart Execution,Became a Sub-Technique,,
T1013,Port Monitors,T1547.010,Port Monitors,T1547 Boot or Logon Autostart Execution,Became a Sub-Technique,,Existing technique that became a sub-technique
T1015,Accessibility Features,T1546.008,Accessibility Features,T1546 Event Triggered Execution,Became a Sub-Technique,,
T1019,System Firmware,T1542.001,System Firmware,T1542 Pre-OS Boot,Became a Sub-Technique,,
T1023,Shortcut Modification,T1547.009,Shortcut Modification,T1547 Boot or Logon Autostart Execution,Became a Sub-Technique,,
T1031,Modify Existing Service,T1543.003,Windows Service,T1543 Create or Modify System Process,Multiple Techniques Became New Sub-Technique,,
T1034,Path Interception,N/A,N/A,N/A,Became Multiple Sub-Techniques,,"Deprecated and split into separate Unquoted Path, PATH Environment Variable, and Search Order Hijacking sub-techniques. Existing Group/Software procedure examples were remapped appropriately"
T1037,Logon Scripts,T1037,Boot or Logon Initialization Scripts,N/A,Remains Technique,Renamed,Name change from Logon Scripts and new sub-techniques added
T1038,DLL Search Order Hijacking,T1574.001,DLL Search Order Hijacking,T1574 Hijack Execution Flow,Became a Sub-Technique,,
T1042,Change Default File Association,T1546.001,Change Default File Association,T1546 Event Triggered Execution,Became a Sub-Technique,,
T1044,File System Permissions Weakness,T1574.010,Services File Permissions Weakness,T1574 Hijack Execution Flow,Became a Sub-Technique,,
T1050,New Service,T1543.003,Windows Service,T1543 Create or Modify System Process,Multiple Techniques Became New Sub-Technique,,
T1053,Scheduled Task,T1053,Scheduled Task/Job,N/A,Remains Technique,Renamed,Name change from Local Job Scheduling and new sub-techniques added
T1058,Service Registry Permissions Weakness,T1574.011,Services Registry Permissions Weakness,T1574 Hijack Execution Flow,Became a Sub-Technique,,
T1060,Registry Run Keys / Startup Folder,T1547.001,Registry Run Keys / Startup Folder,T1547 Boot or Logon Autostart Execution,Became a Sub-Technique,,
T1062,Hypervisor,N/A,N/A,N/A,Deprecated,,Deprecated from ATT&CK due to lack of in the wild use
T1067,Bootkit,T1542.003,Bootkit,T1542 Pre-OS Boot,Became a Sub-Technique,,
T1078,Valid Accounts,T1078,Valid Accounts,N/A,Remains Technique,,New sub-techniques added
T1084,Windows Management Instrumentation Event Subscription,T1546.003,Windows Management Instrumentation Event Subscription,T1546 Event Triggered Execution,Became a Sub-Technique,,
T1098,Account Manipulation,T1098,Account Manipulation,N/A,Remains Technique,,New sub-techniques added
T1100,Web Shell,T1505.003,Web Shell,T1505 Server Software Component,Became a Sub-Technique,,
T1101,Security Support Provider,T1547.005,Security Support Provider,T1547 Boot or Logon Autostart Execution,Became a Sub-Technique,,
T1103,AppInit DLLs,T1546.010,AppInit DLLs,T1546 Event Triggered Execution,Became a Sub-Technique,,
T1108,Redundant Access,N/A,N/A,N/A,Deprecated,,Deprecated from ATT&CK because the behavior is too high level and is sufficiently covered by Valid Accounts and External Remote Services. Existing Group/Software procedure examples were remapped appropriately
T1109,Component Firmware,T1542.002,Component Firmware,T1542 Pre-OS Boot,Became a Sub-Technique,,
T1122,Component Object Model Hijacking,T1546.015,Component Object Model Hijacking,T1546 Event Triggered Execution,Became a Sub-Technique,,
T1128,Netsh Helper DLL,T1546.007,Netsh Helper DLL,T1546 Event Triggered Execution,Became a Sub-Technique,,
T1131,Authentication Package,T1547.002,Authentication Package,T1547 Boot or Logon Autostart Execution,Became a Sub-Technique,,
T1133,External Remote Services,T1133,External Remote Services,N/A,Remains Technique,,Minor description update
T1136,Create Account,T1136,Create Account,N/A,Remains Technique,,New sub-techniques added
T1137,Office Application Startup,T1137,Office Application Startup,N/A,Remains Technique,,
T1138,Application Shimming,T1546.011,Application Shimming,T1546 Event Triggered Execution,Became a Sub-Technique,,
T1150,Plist Modification,T1547.011,Plist Modification,T1547 Boot or Logon Autostart Execution,Multiple Techniques Became New Sub-Technique,,
T1152,Launchctl,T1569.001,Launchctl,T1569 System Services,Became a Sub-Technique,,
T1154,Trap,T1546.005,Trap,T1546 Event Triggered Execution,Became a Sub-Technique,,
T1156,.bash_profile and .bashrc,T1546.004,.bash_profile and .bashrc,T1546 Event Triggered Execution,Became a Sub-Technique,,
T1157,Dylib Hijacking,T1574.004,Dylib Hijacking,T1574 Hijack Execution Flow,Became a Sub-Technique,,
T1158,Hidden Files and Directories,T1564.001,Hidden Files and Directories,T1564 Hide Artifacts,Became a Sub-Technique,,
T1159,Launch Agent,T1543.001,Launch Agent,T1543 Create or Modify System Process,Became a Sub-Technique,,
T1160,Launch Daemon,T1543.004,Launch Daemon,T1543 Create or Modify System Process,Became a Sub-Technique,,
T1161,LC_LOAD_DYLIB Addition,T1546.006,LC_LOAD_DYLIB Addition,T1546 Event Triggered Execution,Became a Sub-Technique,,
T1162,Login Item,T1547.011,Plist Modification,T1547 Boot or Logon Autostart Execution,Multiple Techniques Became New Sub-Technique,,
T1163,Rc.common,T1037.004,Rc.common,T1037 Boot or Logon Initialization Scripts,Became a Sub-Technique,,
T1164,Re-opened Applications,T1547.007,Re-opened Applications,T1547 Boot or Logon Autostart Execution,Became a Sub-Technique,,Existing technique that became a sub-technique
T1165,Startup Items,T1037.005,Startup Items,T1037 Boot or Logon Initialization Scripts,Became a Sub-Technique,,
T1166,Setuid and Setgid,T1548.001,Setuid and Setgid,T1548 Abuse Elevation Control Mechanism,Became a Sub-Technique,,
T1168,Local Job Scheduling,T1053,Scheduled Task/Job,N/A,Merged into Existing Technique,,Name change from Local Job Scheduling and new sub-techniques added
T1176,Browser Extensions,T1176,Browser Extensions,N/A,Remains Technique,,Data sources changed and minor description update
T1177,LSASS Driver,T1547.008,LSASS Driver,T1547 Boot or Logon Autostart Execution,Became a Sub-Technique,,
T1179,Hooking,T1056.004,Credential API Hooking,T1056 Input Capture,Became a Sub-Technique,,
T1180,Screensaver,T1546.002,Screensaver,T1546 Event Triggered Execution,Became a Sub-Technique,,
T1182,AppCert DLLs,T1546.009,AppCert DLLs,T1546 Event Triggered Execution,Became a Sub-Technique,,
T1183,Image File Execution Options Injection,T1546.012,Image File Execution Options Injection,T1546 Event Triggered Execution,Became a Sub-Technique,,
T1197,BITS Jobs,T1197,BITS Jobs,N/A,Remains Technique,,Fixed technique reference in description and minor description update
T1198,SIP and Trust Provider Hijacking,T1553.003,SIP and Trust Provider Hijacking,T1553 Subvert Trust Controls,Became a Sub-Technique,,
T1205,Port Knocking,T1205,Traffic Signaling,N/A,Remains Technique,Renamed,Technique renamed and sub-technique added
T1209,Time Providers,T1547.003,Time Providers,T1547 Boot or Logon Autostart Execution,Became a Sub-Technique,,
T1215,Kernel Modules and Extensions,T1547.006,Kernel Modules and Extensions,T1547 Boot or Logon Autostart Execution,Became a Sub-Technique,,
T1501,Systemd Service,T1543.002,Systemd Service,T1543 Create or Modify System Process,Became a Sub-Technique,,
T1504,PowerShell Profile,T1546.013,PowerShell Profile,T1546 Event Triggered Execution,Became a Sub-Technique,,
T1505,Server Software Component,T1505,Server Software Component,N/A,Remains Technique,,New sub-techniques added
T1519,Emond,T1546.014,Emond,T1546 Event Triggered Execution,Became a Sub-Technique,,
T1525,Implant Container Image,T1525,Implant Container Image,N/A,Remains Technique,,
