TID,Technique Name,New ID,New Technique Name,Sub-technique of,Note,Comments
T1003,Credential Dumping,T1003,OS Credential Dumping,N/A,"Remains Technique, Renamed",Name change from Credential Dumping and new sub-techniques added
T1040,Network Sniffing,T1040,Network Sniffing,N/A,Remains Technique,Minor description update
T1056,Input Capture,T1056,Input Capture,N/A,Remains Technique,New sub-techniques added
T1081,Credentials in Files,T1552.001,Credentials In Files,T1552 Unsecured Credentials,,
T1098,Account Manipulation,T1098,Account Manipulation,N/A,Remove from credential-access,New sub-techniques added
T1110,Brute Force,T1110,Brute Force,N/A,Remains Technique,New sub-techniques added
T1111,Two-Factor Authentication Interception,T1111,Two-Factor Authentication Interception,N/A,Remains Technique,Minor description update
T1139,Bash History,T1552.003,Bash History,T1552 Unsecured Credentials,,
T1141,Input Prompt,T1056.002,GUI Input Capture,T1056 Input Capture,,
T1142,Keychain,T1555.001,Keychain,T1555 Credentials from Password Stores,,
T1145,Private Keys,T1552.004,Private Keys,T1552 Unsecured Credentials,,
T1167,Securityd Memory,T1555.002,Securityd Memory,T1555 Credentials from Password Stores,,
T1171,LLMNR/NBT-NS Poisoning and Relay,T1557.001,LLMNR/NBT-NS Poisoning and SMB Relay,T1557 Man-in-the-Middle,,
T1174,Password Filter DLL,T1556.002,Password Filter DLL,T1556 Modify Authentication Process,,
T1179,Hooking,T1056.004,Credential API Hooking,T1056 Input Capture,,
T1187,Forced Authentication,T1187,Forced Authentication,N/A,Remains Technique,Minor description update
T1208,Kerberoasting,T1558.003,Kerberoasting,T1558 Steal or Forge Kerberos Tickets,,
T1212,Exploitation for Credential Access,T1212,Exploitation for Credential Access,N/A,Remains Technique,Minor description update
T1214,Credentials in Registry,T1552.002,Credentials in Registry,T1552 Unsecured Credentials,,
T1503,Credentials from Web Browsers,T1555.003,Credentials from Web Browsers,T1555 Credentials from Password Stores,,
T1522,Cloud Instance Metadata API,T1552.005,Cloud Instance Metadata API,T1552 Unsecured Credentials,,
T1528,Steal Application Access Token,T1528,Steal Application Access Token,N/A,Remains Technique,
T1539,Steal Web Session Cookie,T1539,Steal Web Session Cookie,N/A,Remains Technique,
