TID,Technique Name,New ID,New Technique Name,Sub-technique of,Note,Comments
T1028,Windows Remote Management,T1021.006,Windows Remote Management,T1021 Remote Services,,
T1035,Service Execution,T1569.002,Service Execution,T1569 System Services,,
T1047,Windows Management Instrumentation,T1047,Windows Management Instrumentation,N/A,Remains Technique,Minor description update
T1053,Scheduled Task,T1053,Scheduled Task/Job,N/A,"Remains Technique, Renamed",Name change from Local Job Scheduling and new sub-techniques added
T1059,Command-Line Interface,T1059,Command and Scripting Interpreter,N/A,"Remains Technique, Renamed",Name change from Command-Line Interface and new sub-techniques added
T1061,Graphical User Interface,N/A,N/A,N/A,Deprecate,Deprecated from ATT&CK because the behavior is redundant and implied by use of remote desktop tools like Remote Desktop Protocol. Existing Group/Software procedure examples were remapped appropriately
T1064,Scripting,N/A,N/A,N/A,Deprecate,"Deprecated and split into separate Bash, VBScript, and Python sub-techniques of Command and Scripting Interpreter. Existing Group/Software procedure examples were remapped appropriately"
T1072,Third-party Software,T1072,Software Deployment Tools,N/A,"Remains Technique, Renamed",Name change from Application Deployment Software
T1085,Rundll32,T1218.011,Rundll32,T1218 Signed Binary Proxy Execution,,
T1086,PowerShell,T1059.001,PowerShell,T1059 Command and Scripting Interpreter,,
T1106,Execution through API,T1106,Native API,N/A,"Remains Technique, Renamed",Name change from Execution through API
T1117,Regsvr32,T1218.010,Regsvr32,T1218 Signed Binary Proxy Execution,,
T1118,InstallUtil,T1218.004,InstallUtil,T1218 Signed Binary Proxy Execution,,
T1121,Regsvcs/Regasm,T1218.009,Regsvcs/Regasm,T1218 Signed Binary Proxy Execution,,
T1127,Trusted Developer Utilities,T1127,Trusted Developer Utilities Proxy Execution,N/A,"Remove from execution, Renamed","Minor description update, sub-technique added"
T1129,Execution through Module Load,T1129,Shared Modules,N/A,"Remains Technique, Renamed",Name change from Execution through Module Load
T1151,Space after Filename,T1036.006,Space after Filename,T1036 Masquerading,,
T1152,Launchctl,T1569.001,Launchctl,T1569 System Services,,
T1153,Source,N/A,N/A,N/A,Deprecate,Deprecated from ATT&CK due to lack of in the wild use
T1154,Trap,T1546.005,Trap,T1546 Event Triggered Execution,,
T1155,AppleScript,T1059.002,AppleScript,T1059 Command and Scripting Interpreter,,
T1168,Local Job Scheduling,T1053,Scheduled Task/Job,N/A,,Name change from Local Job Scheduling and new sub-techniques added
T1170,Mshta,T1218.005,Mshta,T1218 Signed Binary Proxy Execution,,
T1173,Dynamic Data Exchange,T1559.002,Dynamic Data Exchange,T1559 Inter-Process Communication,,
T1175,Component Object Model and Distributed COM,N/A,N/A,N/A,Deprecate,Deprecated and split into separate Component Object Model and Distributed Component Object Model sub-techniques. Existing Group/Software procedure examples were remapped appropriately
T1177,LSASS Driver,T1547.008,LSASS Driver,T1547 Boot or Logon Autostart Execution,,
T1191,CMSTP,T1218.003,CMSTP,T1218 Signed Binary Proxy Execution,,
T1196,Control Panel Items,T1218.002,Control Panel,T1218 Signed Binary Proxy Execution,,
T1203,Exploitation for Client Execution,T1203,Exploitation for Client Execution,N/A,Remains Technique,Minor description update
T1204,User Execution,T1204,User Execution,N/A,Remains Technique,New sub-techniques added
T1216,Signed Script Proxy Execution,T1216,Signed Script Proxy Execution,N/A,Remove from execution,New sub-techniques added
T1218,Signed Binary Proxy Execution,T1218,Signed Binary Proxy Execution,N/A,Remove from execution,New sub-techniques added
T1220,XSL Script Processing,T1220,XSL Script Processing,N/A,Remove from execution,Minor description update
T1223,Compiled HTML File,T1218.001,Compiled HTML File,T1218 Signed Binary Proxy Execution,,
