TID,Technique Name,New ID,New Technique Name,Sub-technique of,Note,Comments
T1078,Valid Accounts,T1078,Valid Accounts,N/A,Remains Technique,New sub-techniques added
T1091,Replication Through Removable Media,T1091,Replication Through Removable Media,N/A,Remains Technique,
T1133,External Remote Services,T1133,External Remote Services,N/A,Remains Technique,Minor description update
T1189,Drive-by Compromise,T1189,Drive-by Compromise,N/A,Remains Technique,Fixed technique reference in description and minor description update
T1190,Exploit Public-Facing Application,T1190,Exploit Public-Facing Application,N/A,Remains Technique,Minor description update
T1192,Spearphishing Link,T1566.002,Spearphishing Link,T1566 Phishing,,
T1193,Spearphishing Attachment,T1566.001,Spearphishing Attachment,T1566 Phishing,,
T1194,Spearphishing via Service,T1566.003,Spearphishing via Service,T1566 Phishing,,
T1195,Supply Chain Compromise,T1195,Supply Chain Compromise,N/A,Remains Technique,New sub-techniques added
T1199,Trusted Relationship,T1199,Trusted Relationship,N/A,Remains Technique,
T1200,Hardware Additions,T1200,Hardware Additions,N/A,Remains Technique,
