TID,Technique Name,New ID,New Technique Name,Sub-technique of,Note,Comments
T1017,Application Deployment Software,T1072,Software Deployment Tools,N/A,,Name change from Application Deployment Software
T1021,Remote Services,T1021,Remote Services,N/A,Remains Technique,New sub-techniques added
T1028,Windows Remote Management,T1021.006,Windows Remote Management,T1021 Remote Services,,
T1037,Logon Scripts,T1037,Boot or Logon Initialization Scripts,N/A,"Remove from lateral-movement, Renamed",Name change from Logon Scripts and new sub-techniques added
T1051,Shared Webroot,N/A,N/A,N/A,Deprecate,Deprecated from ATT&CK due to lack of in the wild use
T1072,Third-party Software,T1072,Software Deployment Tools,N/A,"Remains Technique, Renamed",Name change from Application Deployment Software
T1075,Pass the Hash,T1550.002,Pass the Hash,T1550 Use Alternate Authentication Material,,
T1076,Remote Desktop Protocol,T1021.001,Remote Desktop Protocol,T1021 Remote Services,,
T1077,Windows Admin Shares,T1021.002,SMB/Windows Admin Shares,T1021 Remote Services,,
T1080,Taint Shared Content,T1080,Taint Shared Content,N/A,Remains Technique,Minor description update
T1091,Replication Through Removable Media,T1091,Replication Through Removable Media,N/A,Remains Technique,
T1097,Pass the Ticket,T1550.003,Pass the Ticket,T1550 Use Alternate Authentication Material,,
T1105,Remote File Copy,T1105,Ingress Tool Transfer,N/A,"Remove from lateral-movement, Renamed",Name change from Remote File Copy
T1155,AppleScript,T1059.002,AppleScript,T1059 Command and Scripting Interpreter,,
T1175,Component Object Model and Distributed COM,N/A,N/A,N/A,Deprecate,Deprecated and split into separate Component Object Model and Distributed Component Object Model sub-techniques. Existing Group/Software procedure examples were remapped appropriately
T1184,SSH Hijacking,T1563.001,SSH Hijacking,T1563 Remote Service Session Hijacking,,
T1210,Exploitation of Remote Services,T1210,Exploitation of Remote Services,N/A,Remains Technique,Minor description update
T1506,Web Session Cookie,T1550.004,Web Session Cookie,T1550 Use Alternate Authentication Material,,
T1527,Application Access Token,T1550.001,Application Access Token,T1550 Use Alternate Authentication Material,,
T1534,Internal Spearphishing,T1534,Internal Spearphishing,N/A,Remains Technique,
