New Techniques,New TID,Tactics,Comment
Protocol Tunneling,T1572,command-and-control,Created to define behavior broken out from the prior Standard Application and Standard Cryptographic Protocol techniques
Modify Authentication Process,T1556,"credential-access,defense-evasion",Created to consolidate behavior related to changing the authentication process previously under Account Manipulation
Impair Defenses,T1562,defense-evasion,Created to consolidate behaviors that prevent a defense from working as intended
Encrypted Channel,T1573,command-and-control,Created to consolidate behavior around encrypted C2
Non-Standard Port,T1571,command-and-control,Created to refine the idea behind Common and Uncommonly Used Port to focus the behavior on use of a non-standard port for C2 based on the protocol used
Boot or Logon Autostart Execution,T1547,"persistence,privilege-escalation",Created to consolidate similar autostart execution locations
Dynamic Resolution,T1568,command-and-control,Created to consolidate behavior around dynamic C2 behavior
Use Alternate Authentication Material,T1550,"defense-evasion,lateral-movement",Created to consolidate behavior related to use of non-password based credential material
Remote Service Session Hijacking,T1563,lateral-movement,Created to consolidate behavior related to hijacking existing remote connection sessions
Abuse Elevation Control Mechanism,T1548,"privilege-escalation,defense-evasion",Created to consolidate similar behaviors that take advantage of elevation control
Archive Collected Data,T1560,collection,Created to consolidate behavior around encrypting and compressing collected data
Unsecured Credentials,T1552,credential-access,Created to consolidate places where unsecured credentials may be kept
Steal or Forge Kerberos Tickets,T1558,credential-access,Created to consolidate behavior related to Kerberos tickets
Inter-Process Communication,T1559,execution,Created to consolidate behavior related to using IPC for local system execution
Compromise Client Software Binary,T1554,persistence,New technique based on contribution
Subvert Trust Controls,T1553,defense-evasion,Created to consolidate behavior related to getting around trust controls
Disk Wipe,T1561,impact,Created to consolidate behavior around disk wiping
Lateral Tool Transfer,T1570,lateral-movement,Broken out from pre-defined behavior within the prior Remote File Copy technique to focus on file transfer within a network
Create or Modify System Process,T1543,"persistence,privilege-escalation",Created to consolidate behavior around system-level processes
Hijack Execution Flow,T1574,"persistence,privilege-escalation,defense-evasion",Created to consolidate behaviors around running executable code by placing it where it would be executed by a legitimate process
Man-in-the-Middle,T1557,"credential-access,collection",Created to consolidate behavior related to setting up man-in-the-middle condition within a network
Hide Artifacts,T1564,defense-evasion,Created to consolidate behaviors around defense evasion through creating hidden objects that may be difficult to see
Traffic Signaling,T1545,"defense-evasion,persistence,command-and-control",Created to consolidate behaviors around specifically formed network traffic that is used as a trigger to take an action
Pre-OS Boot,T1542,"defense-evasion,persistence",Created to consolidate behavior around persistence that loads before the OS boots
Exfiltration Over Web Service,T1567,exfiltration,Created to consolidate behaviors around exfiltration to legitimate web services
Phishing,T1566,initial-access,Created to consolidate behavior around phishing and spearphishing
Data Manipulation,T1565,impact,Created to consolidate existing behaviors around data manipulation
Event Triggered Execution,T1546,"privilege-escalation,persistence",Created to consolidate persistence behavior due to adversary or user initiated actions
Credentials from Password Stores,T1555,credential-access,Created to consolidate locations where passwords are stored
System Services,T1569,execution,Created to consolidate behaviors related to execution of binaries through system services
